{
  "per_model": {
    "LogReg": {
      "threshold": 0.8392,
      "precision": 0.7307692307692307,
      "recall": 0.689119170984456,
      "f1": 0.7093333333333334,
      "roc_auc": 0.9378405842415579,
      "pr_auc": 0.7994052222990375
    },
    "RandomForest": {
      "threshold": 0.5405,
      "precision": 0.900709219858156,
      "recall": 0.6580310880829016,
      "f1": 0.7604790419161677,
      "roc_auc": 0.950715785242094,
      "pr_auc": 0.8164549949624754
    },
    "XGBoost": {
      "threshold": 0.8144,
      "precision": 0.8639455782312925,
      "recall": 0.6580310880829016,
      "f1": 0.7470588235294118,
      "roc_auc": 0.9428879310344829,
      "pr_auc": 0.8026527328858388
    }
  },
  "ablation": {
    "Estructural": {
      "threshold": 0.851,
      "precision": 0.8728813559322034,
      "recall": 0.533678756476684,
      "f1": 0.662379421221865,
      "roc_auc": 0.8475871560657495,
      "pr_auc": 0.6627219547905827
    },
    "+ TF-IDF": {
      "threshold": 0.9164,
      "precision": 0.9242424242424242,
      "recall": 0.6321243523316062,
      "f1": 0.7507692307692307,
      "roc_auc": 0.9360678711809898,
      "pr_auc": 0.795344823531035
    },
    "+ Transformer": {
      "threshold": 0.8933,
      "precision": 0.9051094890510949,
      "recall": 0.6424870466321243,
      "f1": 0.7515151515151515,
      "roc_auc": 0.943851058602823,
      "pr_auc": 0.8030020507338527
    }
  },
  "best_model": "RandomForest",
  "n_features": 10,
  "device": "cuda"
}